timestamp,elapsed_s,pwm,current_A,t1_casing_C,t2_magnet_C,force_N,flux_mT,fault
2026-09-15T14:00:26.165,4.296,0,0.000,-273.1,6.4,26.934,0.01,0
2026-09-15T14:00:26.267,4.398,0,0.000,-273.1,6.5,26.934,0.19,0
2026-09-15T14:00:26.366,4.498,0,0.000,-273.1,6.4,26.934,-0.22,0
2026-09-15T14:00:26.466,4.597,0,0.000,-273.1,6.5,26.934,0.02,0
2026-09-15T14:00:26.567,4.698,0,0.000,-273.1,6.3,26.934,0.06,0
2026-09-15T14:00:26.668,4.799,0,0.000,-273.1,6.2,26.934,0.06,0
2026-09-15T14:00:26.767,4.898,0,0.000,-273.1,6.2,26.934,0.12,0
2026-09-15T14:00:26.867,4.998,0,0.000,-77.4,6.3,26.934,0.36,0
2026-09-15T14:00:26.968,5.099,0,-0.000,-273.1,6.4,26.934,0.04,0
2026-09-15T14:00:27.068,5.199,0,0.000,-273.1,6.6,26.934,-0.04,0
2026-09-15T14:00:27.169,5.300,0,0.000,-273.1,6.4,26.934,0.10,0
2026-09-15T14:00:27.268,0.056,0,0.000,-83.9,6.4,26.934,-0.06,0
2026-09-15T14:00:27.367,0.155,0,0.000,-273.1,6.3,26.934,0.03,0
2026-09-15T14:00:27.467,0.255,0,0.000,-273.1,6.4,26.934,-0.05,0
2026-09-15T14:00:27.568,0.356,0,0.000,-273.1,6.3,26.934,0.05,0
2026-09-15T14:00:27.669,0.457,0,0.000,-273.1,6.3,26.934,-0.04,0
2026-09-15T14:00:27.769,0.557,0,-0.000,-273.1,6.4,26.934,0.09,0
2026-09-15T14:00:27.870,0.658,0,0.000,-273.1,6.6,26.934,-0.12,0
2026-09-15T14:00:27.969,0.757,0,0.000,-273.1,6.3,26.934,-0.11,0
2026-09-15T14:00:28.070,0.858,0,0.000,-273.1,6.2,26.934,-0.10,0
2026-09-15T14:00:28.170,0.958,0,0.000,-273.1,6.3,26.934,-0.05,0
2026-09-15T14:00:28.271,1.059,0,-0.000,-273.1,6.6,26.934,0.10,0
2026-09-15T14:00:28.371,1.159,0,0.000,-273.1,6.3,26.934,0.09,0
2026-09-15T14:00:28.472,1.260,0,-0.000,-273.1,6.5,26.934,-0.03,0
2026-09-15T14:00:28.572,1.360,0,0.000,-90.0,6.4,26.934,0.00,0
2026-09-15T14:00:28.671,1.459,0,-0.000,-273.1,6.6,26.934,0.13,0
2026-09-15T14:00:28.774,1.563,0,0.000,-273.1,6.7,26.934,-0.12,0
2026-09-15T14:00:28.871,1.659,0,0.000,-273.1,6.3,26.934,-0.12,0
2026-09-15T14:00:28.971,1.759,0,0.000,-273.1,6.4,26.934,-0.15,0
2026-09-15T14:00:29.072,1.860,0,0.000,-273.1,6.4,26.934,0.16,0
2026-09-15T14:00:29.172,1.960,0,0.000,-273.1,6.5,26.934,0.13,0
2026-09-15T14:00:29.273,2.061,0,0.000,-273.1,6.3,26.934,-0.13,0
2026-09-15T14:00:29.371,2.159,10,0.004,-273.1,6.5,26.934,-0.12,0
2026-09-15T14:00:29.472,2.260,10,0.003,-273.1,6.3,26.934,-0.10,0
2026-09-15T14:00:29.572,2.360,20,0.079,-83.9,6.4,26.934,0.34,0
2026-09-15T14:00:29.672,2.461,30,0.282,-273.1,6.6,26.934,0.41,0
2026-09-15T14:00:29.772,2.560,30,0.252,-273.1,6.7,26.934,1.00,0
2026-09-15T14:00:29.872,2.660,40,0.438,-273.1,6.5,26.934,0.88,0
2026-09-15T14:00:29.972,2.761,40,0.432,-273.1,6.4,26.934,2.06,0
2026-09-15T14:00:30.074,2.862,50,0.580,-273.1,6.2,26.934,1.17,0
2026-09-15T14:00:30.173,2.961,50,0.567,-273.1,6.3,26.934,1.50,0
2026-09-15T14:00:30.272,3.060,60,0.648,-70.4,6.5,26.934,1.62,0
2026-09-15T14:00:30.373,3.161,70,0.681,-273.1,6.5,26.934,1.14,0
2026-09-15T14:00:30.473,3.261,70,0.709,-273.1,6.3,26.934,2.61,0
2026-09-15T14:00:30.572,3.360,80,0.773,-273.1,6.6,26.934,1.42,0
2026-09-15T14:00:30.672,3.460,80,0.767,-273.1,6.6,26.934,2.33,0
2026-09-15T14:00:30.773,3.561,90,0.797,-273.1,6.5,26.934,1.69,0
2026-09-15T14:00:30.877,3.665,90,0.825,-273.1,6.5,26.934,3.14,0
2026-09-15T14:00:30.973,3.761,100,0.861,-273.1,6.6,26.934,3.08,0
2026-09-15T14:00:31.074,3.862,110,0.862,-273.1,6.4,26.934,3.77,0
2026-09-15T14:00:31.174,3.962,110,0.907,-273.1,6.5,26.934,2.46,0
2026-09-15T14:00:31.275,4.063,120,0.920,-77.4,6.4,26.934,2.30,0
2026-09-15T14:00:31.375,4.163,120,0.935,-273.1,6.3,26.934,1.54,0
2026-09-15T14:00:31.475,4.263,130,0.987,-273.1,6.4,26.934,2.19,0
2026-09-15T14:00:31.578,4.366,130,0.950,-273.1,6.5,26.934,1.94,0
2026-09-15T14:00:31.675,4.463,140,1.026,-273.1,6.1,26.934,3.48,0
2026-09-15T14:00:31.776,4.564,150,1.072,-62.9,6.5,26.934,2.17,0
2026-09-15T14:00:31.876,4.664,150,1.055,-273.1,6.2,26.934,2.58,0
2026-09-15T14:00:31.976,4.764,150,1.039,-273.1,6.3,26.934,3.02,0
2026-09-15T14:00:32.076,4.864,150,1.074,-273.1,6.5,26.934,2.30,0
2026-09-15T14:00:32.176,4.964,150,1.038,-273.1,6.4,26.934,2.99,0
2026-09-15T14:00:32.276,5.064,150,1.044,-46.9,6.5,26.934,2.69,0
2026-09-15T14:00:32.379,5.167,160,1.093,-90.0,6.3,26.934,2.61,0
2026-09-15T14:00:32.478,5.266,170,1.088,-273.1,6.4,26.934,1.92,0
2026-09-15T14:00:32.578,5.366,170,1.121,-273.1,6.4,26.934,2.28,0
2026-09-15T14:00:32.678,5.466,170,1.105,-273.1,6.3,26.934,2.47,0
2026-09-15T14:00:32.778,5.566,180,1.159,-273.1,6.2,26.934,3.86,0
2026-09-15T14:00:32.877,5.665,180,1.135,-273.1,6.7,26.934,2.89,0
2026-09-15T14:00:32.979,5.767,190,1.174,-273.1,6.3,26.934,2.72,0
2026-09-15T14:00:33.077,5.865,190,1.171,-273.1,6.6,26.934,2.44,0
2026-09-15T14:00:33.178,5.966,200,1.230,-273.1,6.2,26.934,2.36,0
2026-09-15T14:00:33.278,6.066,200,1.212,-273.1,6.1,26.934,2.55,0
2026-09-15T14:00:33.379,6.167,210,1.229,-273.1,6.3,26.934,2.62,0
2026-09-15T14:00:33.479,6.267,210,1.233,-273.1,6.2,26.934,2.72,0
2026-09-15T14:00:33.579,6.367,220,1.250,-273.1,6.7,26.934,2.84,0
2026-09-15T14:00:33.680,6.468,220,1.286,-273.1,6.2,26.934,3.00,0
2026-09-15T14:00:33.780,6.568,220,1.249,-273.1,6.3,26.934,2.33,0
2026-09-15T14:00:33.882,6.670,220,1.263,-273.1,6.5,26.934,3.44,0
2026-09-15T14:00:33.981,6.769,230,1.335,-273.1,6.3,26.934,2.15,0
2026-09-15T14:00:34.081,6.869,230,1.308,-273.1,6.2,26.934,2.53,0
2026-09-15T14:00:34.181,6.969,230,1.307,-273.1,6.3,26.934,3.00,0
2026-09-15T14:00:34.282,7.070,240,1.341,-273.1,6.3,26.934,2.73,0
2026-09-15T14:00:34.382,7.170,240,1.334,-273.1,6.3,26.934,2.83,0
2026-09-15T14:00:34.483,7.271,240,1.355,-273.1,6.3,26.934,2.81,0
2026-09-15T14:00:34.586,7.374,240,1.342,-273.1,6.2,26.934,3.03,0
2026-09-15T14:00:34.683,7.471,250,1.364,-273.1,6.4,26.934,3.03,0
2026-09-15T14:00:34.783,7.571,250,1.367,-80.2,6.3,26.934,3.23,0
2026-09-15T14:00:34.884,7.672,250,1.354,-273.1,6.2,26.934,3.06,0
2026-09-15T14:00:34.984,7.772,250,1.368,-273.1,6.4,26.934,3.59,0
2026-09-15T14:00:35.084,7.872,250,1.349,-273.1,6.5,26.934,3.14,0
2026-09-15T14:00:35.184,7.972,250,1.355,-83.9,6.3,26.934,2.99,0
2026-09-15T14:00:35.284,8.072,255,1.387,-273.1,6.4,26.934,3.19,0
2026-09-15T14:00:35.385,8.173,255,1.388,-273.1,6.3,26.934,3.12,0
2026-09-15T14:00:35.485,8.273,255,1.391,-273.1,6.4,26.934,2.93,0
2026-09-15T14:00:35.586,8.374,255,1.392,-273.1,6.2,26.934,3.02,0
2026-09-15T14:00:35.685,8.473,255,1.395,-273.1,6.5,26.934,3.15,0
2026-09-15T14:00:35.785,8.573,255,1.396,-90.0,6.3,26.934,3.12,0
2026-09-15T14:00:35.885,8.673,255,1.398,-273.1,6.5,26.934,2.97,0
2026-09-15T14:00:35.986,8.774,255,1.400,-69.2,6.2,26.934,3.11,0
2026-09-15T14:00:36.086,8.874,255,1.401,-273.1,6.3,26.934,3.12,0
2026-09-15T14:00:36.187,8.975,255,1.404,-273.1,6.3,26.934,3.12,0
2026-09-15T14:00:36.288,9.076,255,1.405,-273.1,6.3,26.934,3.06,0
2026-09-15T14:00:36.389,9.177,255,1.406,-73.4,6.3,26.934,3.33,0
2026-09-15T14:00:36.490,9.278,255,1.406,-83.9,6.3,26.934,3.11,0
2026-09-15T14:00:36.589,9.377,255,1.407,-273.1,6.2,26.934,3.17,0
2026-09-15T14:00:36.690,9.478,255,1.408,-273.1,6.2,26.934,3.14,0
2026-09-15T14:00:36.790,9.578,255,1.408,-273.1,6.4,26.934,3.04,0
2026-09-15T14:00:36.890,9.678,255,1.407,-273.1,6.4,26.934,3.18,0
2026-09-15T14:00:36.990,9.778,255,1.410,-273.1,6.1,26.934,3.22,0
2026-09-15T14:00:37.090,9.878,255,1.411,-273.1,6.1,26.934,3.25,0
2026-09-15T14:00:37.190,9.978,255,1.413,-273.1,6.4,26.934,3.08,0
2026-09-15T14:00:37.290,10.078,255,1.414,-273.1,6.3,26.934,3.42,0
2026-09-15T14:00:37.392,10.180,255,1.416,-273.1,6.4,26.934,3.07,0
2026-09-15T14:00:37.491,10.279,255,1.417,-273.1,6.6,26.934,3.34,0
2026-09-15T14:00:37.591,10.379,255,1.417,-273.1,6.3,26.934,2.99,0
2026-09-15T14:00:37.691,10.479,255,1.421,-273.1,6.4,26.934,2.88,0
2026-09-15T14:00:37.791,10.579,255,1.421,-273.1,6.4,26.934,2.87,0
2026-09-15T14:00:37.892,10.680,255,1.421,-273.1,6.4,26.934,3.25,0
2026-09-15T14:00:37.994,10.782,255,1.422,-273.1,6.3,26.934,3.32,0
2026-09-15T14:00:38.092,10.880,255,1.423,-273.1,6.3,26.934,2.78,0
2026-09-15T14:00:38.192,10.980,255,1.424,-273.1,6.2,26.934,2.98,0
2026-09-15T14:00:38.293,11.081,255,1.426,-273.1,6.4,26.934,3.17,0
2026-09-15T14:00:38.395,11.183,255,1.427,-67.0,6.2,26.934,3.10,0
2026-09-15T14:00:38.496,11.284,255,1.429,-90.0,6.4,26.934,3.30,0
2026-09-15T14:00:38.595,11.383,255,1.430,-90.0,6.4,26.934,3.12,0
2026-09-15T14:00:38.695,11.483,255,1.431,-273.1,6.5,26.934,3.24,0
2026-09-15T14:00:38.796,11.584,255,1.431,-273.1,6.2,26.934,3.18,0
2026-09-15T14:00:38.896,11.684,255,1.432,-273.1,6.5,26.934,3.05,0
2026-09-15T14:00:39.000,11.788,255,1.433,-273.1,6.4,26.934,3.15,0
2026-09-15T14:00:39.096,11.885,255,1.434,-273.1,6.5,26.934,3.24,0
2026-09-15T14:00:39.197,11.985,255,1.438,-273.1,6.5,26.934,2.92,0
2026-09-15T14:00:39.297,12.085,255,1.437,-273.1,6.7,26.934,3.21,0
2026-09-15T14:00:39.397,12.185,255,1.437,-273.1,6.5,26.934,3.13,0
2026-09-15T14:00:39.497,12.285,255,1.437,-273.1,6.5,26.934,2.97,0
2026-09-15T14:00:39.597,12.385,255,1.438,-273.1,6.5,26.934,3.33,0
2026-09-15T14:00:39.697,12.485,255,1.439,-273.1,6.3,26.934,3.07,0
2026-09-15T14:00:39.797,12.585,255,1.439,-273.1,6.3,26.934,3.15,0
2026-09-15T14:00:39.898,12.686,255,1.439,-273.1,6.3,26.934,3.13,0
2026-09-15T14:00:39.998,12.786,255,1.440,-273.1,6.5,26.934,3.08,0
2026-09-15T14:00:40.100,12.888,255,1.442,-273.1,6.6,26.934,3.31,0
2026-09-15T14:00:40.198,12.986,255,1.442,-273.1,6.5,26.934,2.98,0
2026-09-15T14:00:40.299,13.087,255,1.444,-273.1,6.5,26.934,3.11,0
2026-09-15T14:00:40.399,13.187,255,1.446,-273.1,6.5,26.934,3.07,0
2026-09-15T14:00:40.500,13.288,255,1.446,-273.1,6.4,26.934,3.03,0
2026-09-15T14:00:40.600,13.388,255,1.446,-273.1,6.5,26.934,3.44,0
2026-09-15T14:00:40.701,13.489,255,1.447,-64.4,6.8,26.934,3.13,0
2026-09-15T14:00:40.800,13.588,255,1.448,-273.1,6.7,26.934,3.14,0
2026-09-15T14:00:40.900,13.688,255,1.449,-273.1,6.6,26.934,2.88,0
2026-09-15T14:00:41.000,13.788,255,1.450,-273.1,6.4,26.934,3.29,0
2026-09-15T14:00:41.101,13.889,255,1.451,-273.1,6.5,26.934,2.99,0
2026-09-15T14:00:41.201,13.990,255,1.452,-273.1,6.8,26.934,3.10,0
2026-09-15T14:00:41.304,14.092,255,1.453,-273.1,6.4,26.934,3.10,0
2026-09-15T14:00:41.402,14.190,255,1.453,-70.4,6.4,26.934,3.09,0
2026-09-15T14:00:41.503,14.291,255,1.454,-273.1,6.4,26.934,3.08,0
2026-09-15T14:00:41.602,14.390,255,1.454,-273.1,6.1,26.934,3.33,0
2026-09-15T14:00:41.702,14.490,255,1.456,-273.1,6.4,26.934,3.13,0
2026-09-15T14:00:41.802,14.590,255,1.456,-273.1,6.5,26.934,3.39,0
2026-09-15T14:00:41.903,14.691,255,1.456,-273.1,3.9,26.934,3.43,0
2026-09-15T14:00:42.003,14.791,255,1.458,-273.1,6.5,26.934,3.03,0
2026-09-15T14:00:42.104,14.893,255,1.458,-273.1,6.8,26.934,3.18,0
2026-09-15T14:00:42.210,14.998,255,1.459,-273.1,7.0,26.934,3.07,0
2026-09-15T14:00:42.305,15.093,255,1.460,-69.2,6.6,26.934,3.12,0
2026-09-15T14:00:42.405,15.193,255,1.461,-273.1,6.8,26.934,3.30,0
2026-09-15T14:00:42.505,15.293,255,1.462,-273.1,6.6,26.934,2.85,0
2026-09-15T14:00:42.605,15.393,255,1.463,-273.1,6.8,26.934,3.12,0
2026-09-15T14:00:42.705,15.493,255,1.464,-273.1,6.8,26.934,3.14,0
2026-09-15T14:00:42.806,15.594,255,1.465,-273.1,6.9,26.934,3.17,0
2026-09-15T14:00:42.907,15.695,255,1.465,-273.1,6.7,26.934,3.06,0
2026-09-15T14:00:43.008,15.797,255,1.466,-273.1,6.8,26.934,3.30,0
2026-09-15T14:00:43.111,15.899,255,1.467,-273.1,7.1,26.934,3.17,0
2026-09-15T14:00:43.208,15.996,255,1.466,-90.0,6.8,26.934,3.18,0
2026-09-15T14:00:43.307,16.095,255,1.467,-273.1,6.7,26.934,3.22,0
2026-09-15T14:00:43.407,16.195,255,1.469,-273.1,6.7,26.934,3.34,0
2026-09-15T14:00:43.507,16.295,255,1.468,-273.1,6.7,26.934,3.04,0
2026-09-15T14:00:43.607,16.395,255,1.470,-273.1,6.7,26.934,3.15,0
2026-09-15T14:00:43.708,16.496,255,1.470,-273.1,6.6,26.934,3.10,0
2026-09-15T14:00:43.808,16.596,255,1.470,-273.1,6.5,26.934,3.21,0
2026-09-15T14:00:43.910,16.698,255,1.472,-273.1,6.6,26.934,3.37,0
2026-09-15T14:00:44.014,16.802,255,1.473,-273.1,6.5,26.934,3.37,0
2026-09-15T14:00:44.109,16.897,255,1.473,-90.0,6.8,26.934,3.11,0
2026-09-15T14:00:44.208,16.996,255,1.473,-273.1,6.8,26.934,3.41,0
2026-09-15T14:00:44.308,17.096,255,1.472,-273.1,6.7,26.934,3.30,0
2026-09-15T14:00:44.409,17.197,255,1.473,-273.1,6.4,26.934,3.22,0
2026-09-15T14:00:44.509,17.297,255,1.474,-273.1,6.6,26.934,3.12,0
2026-09-15T14:00:44.609,17.397,255,1.475,-273.1,6.5,26.934,3.39,0
2026-09-15T14:00:44.709,17.497,255,1.476,-273.1,6.4,26.934,3.27,0
2026-09-15T14:00:44.812,17.600,255,1.479,-273.1,6.6,26.934,2.99,0
2026-09-15T14:00:44.911,17.699,255,1.485,-273.1,6.6,26.934,3.60,0
2026-09-15T14:00:45.009,17.797,255,1.486,-273.1,6.6,26.934,3.36,0
2026-09-15T14:00:45.110,17.898,255,1.487,-273.1,6.4,26.934,3.47,0
2026-09-15T14:00:45.210,17.998,255,1.488,-273.1,6.4,26.934,3.25,0
2026-09-15T14:00:45.310,18.098,255,1.488,-273.1,6.6,26.934,3.04,0
2026-09-15T14:00:45.410,18.199,255,1.490,-70.4,6.6,26.934,3.43,0
2026-09-15T14:00:45.509,18.297,255,1.491,-83.9,6.6,26.934,3.42,0
2026-09-15T14:00:45.610,18.398,255,1.491,-273.1,6.3,26.934,3.25,0
2026-09-15T14:00:45.710,18.498,255,1.492,-273.1,6.7,26.934,3.23,0
2026-09-15T14:00:45.810,18.598,255,1.492,-273.1,6.7,26.934,3.35,0
2026-09-15T14:00:45.910,18.698,255,1.494,-273.1,6.5,26.934,3.14,0
2026-09-15T14:00:46.013,18.801,255,1.494,-273.1,6.4,26.934,3.51,0
2026-09-15T14:00:46.111,18.899,255,1.495,-273.1,6.5,26.934,3.29,0
2026-09-15T14:00:46.212,19.000,255,1.497,-273.1,6.4,26.934,3.49,0
2026-09-15T14:00:46.312,19.100,255,1.498,-273.1,6.7,26.934,3.29,0
2026-09-15T14:00:46.413,19.201,255,1.498,-273.1,6.6,26.934,3.32,0
2026-09-15T14:00:46.513,19.301,255,1.500,-273.1,6.7,26.934,3.44,0
2026-09-15T14:00:46.612,19.400,255,1.501,-90.0,6.7,26.934,3.37,0
2026-09-15T14:00:46.713,19.501,255,1.501,-273.1,6.5,26.934,3.17,0
2026-09-15T14:00:46.813,19.601,255,1.503,-273.1,6.0,26.934,3.25,0
2026-09-15T14:00:46.914,19.702,255,1.503,-273.1,6.7,26.934,3.55,0
2026-09-15T14:00:47.014,19.802,255,1.505,-273.1,6.6,26.934,3.41,0
2026-09-15T14:00:47.116,19.904,255,1.505,-273.1,6.5,26.934,3.39,0
2026-09-15T14:00:47.213,20.001,255,1.507,-273.1,6.8,26.934,3.26,0
2026-09-15T14:00:47.313,20.101,255,1.507,-273.1,6.6,26.934,2.93,0
2026-09-15T14:00:47.414,20.202,255,1.510,-273.1,6.6,26.934,3.34,0
2026-09-15T14:00:47.514,20.302,255,1.511,-273.1,6.6,26.934,3.17,0
2026-09-15T14:00:47.613,20.401,255,1.512,-273.1,6.8,26.934,3.01,0
2026-09-15T14:00:47.713,20.501,255,1.513,-273.1,6.6,26.934,3.36,0
2026-09-15T14:00:47.814,20.602,255,1.515,-273.1,6.7,26.934,3.52,0
2026-09-15T14:00:47.914,20.702,255,1.516,-273.1,6.4,26.934,3.37,0
2026-09-15T14:00:48.014,20.802,255,1.517,-65.2,6.8,26.934,3.17,0
2026-09-15T14:00:48.113,20.901,255,1.518,-273.1,6.6,26.934,3.00,0
2026-09-15T14:00:48.214,21.002,255,1.518,-273.1,6.5,26.934,3.37,0
2026-09-15T14:00:48.314,21.102,255,1.521,-66.1,6.5,26.934,3.26,0
2026-09-15T14:00:48.414,21.202,255,1.522,-273.1,6.5,26.934,3.23,0
2026-09-15T14:00:48.514,21.302,255,1.523,-273.1,6.7,26.934,3.55,0
2026-09-15T14:00:48.619,21.407,255,1.525,-273.1,6.8,26.934,3.34,0
2026-09-15T14:00:48.714,21.502,255,1.526,-273.1,6.8,26.934,3.22,0
2026-09-15T14:00:48.814,21.602,255,1.526,-69.2,6.6,26.934,3.14,0
2026-09-15T14:00:48.915,21.703,255,1.527,-273.1,6.6,26.934,3.27,0
2026-09-15T14:00:49.015,21.803,255,1.529,-273.1,6.5,26.934,2.86,0
2026-09-15T14:00:49.116,21.904,255,1.528,-273.1,6.7,26.934,3.23,0
2026-09-15T14:00:49.216,22.004,255,1.530,-273.1,6.5,26.934,3.48,0
2026-09-15T14:00:49.315,22.103,255,1.531,-273.1,7.0,26.934,3.39,0
2026-09-15T14:00:49.415,22.204,255,1.531,-273.1,6.6,26.934,3.36,0
2026-09-15T14:00:49.515,22.303,255,1.536,-273.1,6.7,26.934,3.44,0
2026-09-15T14:00:49.616,22.404,255,1.539,-273.1,6.9,26.934,3.21,0
2026-09-15T14:00:49.716,22.504,255,1.544,-273.1,6.6,26.934,3.17,0
2026-09-15T14:00:49.815,22.603,255,1.545,-273.1,6.7,26.934,3.44,0
2026-09-15T14:00:49.916,22.704,245,1.546,-273.1,6.4,26.934,3.18,0
2026-09-15T14:00:50.016,22.804,245,1.503,-273.1,6.6,26.934,3.47,0
2026-09-15T14:00:50.117,22.905,245,1.516,-83.9,6.8,26.934,3.59,0
2026-09-15T14:00:50.217,23.005,245,1.570,-273.1,6.7,26.934,3.56,0
2026-09-15T14:00:50.317,23.105,245,1.499,-273.1,6.5,26.934,3.37,0
2026-09-15T14:00:50.418,23.206,245,1.570,-273.1,6.5,26.934,3.54,0
2026-09-15T14:00:50.518,23.306,245,1.526,-67.0,6.3,26.934,3.46,0
2026-09-15T14:00:50.621,23.409,245,1.500,-273.1,6.7,26.934,3.45,0
2026-09-15T14:00:50.719,23.507,245,1.495,-273.1,6.5,26.934,3.51,0
2026-09-15T14:00:50.819,23.607,245,1.495,-273.1,6.7,26.934,3.34,0
2026-09-15T14:00:50.919,23.707,245,1.485,-273.1,6.6,26.934,3.66,0
2026-09-15T14:00:51.019,23.807,245,1.558,-273.1,6.6,26.934,3.18,0
2026-09-15T14:00:51.118,23.906,245,1.506,-70.4,6.5,26.934,3.40,0
2026-09-15T14:00:51.218,24.006,245,1.567,-273.1,6.6,26.934,3.59,0
2026-09-15T14:00:51.318,24.106,245,1.495,-273.1,6.7,26.934,3.66,0
2026-09-15T14:00:51.419,24.207,245,1.514,-273.1,6.5,26.934,3.34,0
2026-09-15T14:00:51.520,24.308,245,1.502,-273.1,6.7,26.934,3.58,0
2026-09-15T14:00:51.623,24.411,245,1.525,-273.1,6.9,26.934,3.89,0
2026-09-15T14:00:51.721,24.509,245,1.530,-273.1,6.7,26.934,3.18,0
2026-09-15T14:00:51.821,24.609,245,1.521,-273.1,7.0,26.934,3.29,0
2026-09-15T14:00:51.921,24.709,245,1.549,-64.4,6.6,26.934,3.60,0
2026-09-15T14:00:52.021,24.810,245,1.536,-273.1,6.8,26.934,3.31,0
2026-09-15T14:00:52.122,24.910,245,1.523,-273.1,6.6,26.934,3.40,0
2026-09-15T14:00:52.222,25.010,245,1.507,-273.1,6.6,26.934,3.49,0
2026-09-15T14:00:52.322,25.110,245,1.517,-273.1,6.7,26.934,3.06,0
2026-09-15T14:00:52.424,25.212,245,1.555,-273.1,6.5,26.934,3.61,0
2026-09-15T14:00:52.525,25.313,245,1.552,-273.1,6.6,26.934,3.46,0
2026-09-15T14:00:52.624,25.412,245,1.527,-273.1,6.4,26.934,3.49,0
2026-09-15T14:00:52.725,25.513,245,1.550,-273.1,6.7,26.934,3.29,0
2026-09-15T14:00:52.825,25.613,245,1.546,-273.1,6.6,26.934,3.57,0
2026-09-15T14:00:52.925,25.713,245,1.567,-70.4,6.5,26.934,3.04,0
2026-09-15T14:00:53.025,25.813,245,1.529,-273.1,6.5,26.934,3.40,0
2026-09-15T14:00:53.126,25.914,245,1.551,-273.1,6.6,26.934,3.56,0
2026-09-15T14:00:53.226,26.014,245,1.541,-273.1,6.7,26.934,3.88,0
2026-09-15T14:00:53.326,26.114,245,1.549,-67.0,6.6,26.934,3.63,0
2026-09-15T14:00:53.426,26.214,245,1.564,-273.1,6.7,26.934,3.78,0
2026-09-15T14:00:53.528,26.316,245,1.563,-273.1,6.7,26.934,3.94,0
2026-09-15T14:00:53.627,26.415,245,1.561,-273.1,6.7,26.934,3.61,0
2026-09-15T14:00:53.728,26.517,245,1.586,-273.1,6.9,26.934,3.37,0
2026-09-15T14:00:53.827,26.615,245,1.554,-273.1,6.6,26.934,3.50,0
2026-09-15T14:00:53.928,26.716,245,1.515,-273.1,6.7,26.934,3.52,0
2026-09-15T14:00:54.027,26.815,245,1.573,-273.1,6.7,26.934,3.62,0
2026-09-15T14:00:54.128,26.916,245,1.536,-273.1,6.6,26.934,3.73,0
2026-09-15T14:00:54.227,27.015,245,1.543,-273.1,6.7,26.934,3.94,0
2026-09-15T14:00:54.328,27.116,245,1.603,-273.1,6.6,26.934,3.59,0
2026-09-15T14:00:54.428,27.216,245,1.550,-273.1,6.7,26.934,3.42,0
2026-09-15T14:00:54.528,27.316,245,1.551,-273.1,6.6,26.934,3.51,0
2026-09-15T14:00:54.628,27.416,245,1.538,-273.1,6.8,26.934,3.54,0
2026-09-15T14:00:54.728,27.516,245,1.534,-273.1,6.0,26.934,3.08,0
2026-09-15T14:00:54.828,27.616,245,1.606,-273.1,6.9,26.934,3.12,0
2026-09-15T14:00:54.927,27.715,235,1.550,-68.1,6.6,26.934,3.53,0
2026-09-15T14:00:55.029,27.817,235,1.569,-83.9,6.8,26.934,4.38,0
2026-09-15T14:00:55.128,27.916,235,1.536,-273.1,6.7,26.934,3.31,0
2026-09-15T14:00:55.228,28.016,235,1.549,-273.1,6.8,26.934,3.52,0
2026-09-15T14:00:55.328,28.116,235,1.544,-273.1,6.9,26.934,3.63,0
2026-09-15T14:00:55.430,28.218,235,1.574,-273.1,6.8,26.934,2.93,0
2026-09-15T14:00:55.529,28.317,235,1.508,-273.1,7.2,26.934,3.49,0
2026-09-15T14:00:55.629,28.417,235,1.537,-65.2,6.6,26.934,3.52,0
2026-09-15T14:00:55.730,28.518,235,1.513,-273.1,6.8,26.934,3.84,0
2026-09-15T14:00:55.830,28.618,235,1.578,-273.1,6.7,26.934,3.62,0
2026-09-15T14:00:55.930,28.718,235,1.503,-67.0,6.8,26.934,3.07,0
2026-09-15T14:00:56.031,28.819,235,1.545,-273.1,6.7,26.934,3.10,0
2026-09-15T14:00:56.131,28.919,235,1.555,-273.1,6.8,26.934,3.89,0
2026-09-15T14:00:56.230,29.018,235,1.546,-83.9,7.0,26.934,3.81,0
2026-09-15T14:00:56.331,29.119,235,1.546,-273.1,6.7,26.934,3.17,0
2026-09-15T14:00:56.430,29.218,235,1.580,-273.1,6.7,26.934,3.20,0
2026-09-15T14:00:56.531,29.319,235,1.571,-273.1,6.9,26.934,3.51,0
2026-09-15T14:00:56.632,29.420,225,1.516,-273.1,6.6,26.934,3.21,0
2026-09-15T14:00:56.733,29.521,225,1.524,-273.1,6.8,26.934,3.10,0
2026-09-15T14:00:56.833,29.621,225,1.536,-273.1,6.8,26.934,3.97,0
2026-09-15T14:00:56.933,29.721,225,1.512,-273.1,6.6,26.934,3.07,0
2026-09-15T14:00:57.033,29.821,225,1.531,-273.1,6.8,26.934,3.72,0
2026-09-15T14:00:57.133,29.921,225,1.546,-68.1,6.5,26.934,2.82,0
2026-09-15T14:00:57.233,30.021,225,1.546,-273.1,6.8,26.934,3.92,0
2026-09-15T14:00:57.333,30.121,225,1.490,-83.9,6.8,26.934,4.11,0
2026-09-15T14:00:57.437,30.225,225,1.494,-273.1,7.0,26.934,2.63,0
2026-09-15T14:00:57.533,30.321,225,1.551,-273.1,6.9,26.934,3.16,0
2026-09-15T14:00:57.633,30.421,225,1.495,-273.1,6.8,26.934,3.27,0
2026-09-15T14:00:57.733,30.521,225,1.494,-273.1,6.9,26.934,3.59,0
2026-09-15T14:00:57.833,30.621,215,1.490,-273.1,6.9,26.934,3.04,0
2026-09-15T14:00:57.933,30.721,215,1.526,-273.1,6.9,26.934,2.87,0
2026-09-15T14:00:58.034,30.822,215,1.475,-273.1,6.7,26.934,3.52,0
2026-09-15T14:00:58.134,30.922,215,1.493,-273.1,6.7,26.934,3.67,0
2026-09-15T14:00:58.236,31.024,215,1.481,-273.1,6.8,26.934,4.19,0
2026-09-15T14:00:58.334,31.122,215,1.507,-273.1,6.7,26.934,3.43,0
2026-09-15T14:00:58.435,31.223,215,1.497,-83.9,6.8,26.934,2.62,0
2026-09-15T14:00:58.535,31.323,215,1.496,-273.1,7.0,26.934,3.00,0
2026-09-15T14:00:58.635,31.424,215,1.527,-273.1,6.8,26.934,3.75,0
2026-09-15T14:00:58.735,31.523,215,1.517,-273.1,6.6,26.934,3.18,0
2026-09-15T14:00:58.835,31.623,215,1.482,-273.1,6.6,26.934,3.40,0
2026-09-15T14:00:58.936,31.724,215,1.487,-273.1,6.6,26.934,3.67,0
2026-09-15T14:00:59.036,31.824,215,1.507,-273.1,6.8,26.934,3.36,0
2026-09-15T14:00:59.136,31.924,215,1.491,-273.1,7.0,26.934,3.38,0
2026-09-15T14:00:59.236,32.024,215,1.487,-273.1,6.9,26.934,2.60,0
2026-09-15T14:00:59.336,32.124,215,1.502,-273.1,6.6,26.934,4.23,0
2026-09-15T14:00:59.436,32.224,215,1.553,-273.1,6.7,26.934,3.12,0
2026-09-15T14:00:59.536,32.324,215,1.549,-273.1,6.7,26.934,3.15,0
2026-09-15T14:00:59.636,32.424,215,1.522,-273.1,6.7,26.934,2.81,0
2026-09-15T14:00:59.736,32.524,215,1.509,-64.4,8.5,26.934,4.10,0
2026-09-15T14:00:59.837,32.625,215,1.481,-67.0,6.8,26.934,3.90,0
2026-09-15T14:00:59.936,32.724,215,1.531,-83.9,6.9,26.934,3.45,0
2026-09-15T14:01:00.037,32.825,215,1.474,-273.1,6.9,26.934,3.39,0
2026-09-15T14:01:00.137,32.925,215,1.465,-273.1,6.8,26.934,3.19,0
2026-09-15T14:01:00.237,33.025,215,1.474,-273.1,6.7,26.934,3.73,0
2026-09-15T14:01:00.338,33.126,215,1.542,-273.1,6.8,26.934,4.07,0
2026-09-15T14:01:00.437,33.225,215,1.501,-273.1,6.8,26.934,3.26,0
2026-09-15T14:01:00.537,33.325,215,1.520,-273.1,6.8,26.934,3.75,0
2026-09-15T14:01:00.637,33.426,215,1.471,-273.1,7.2,26.934,2.71,0
2026-09-15T14:01:00.736,33.524,215,1.519,-273.1,7.0,26.934,3.57,0
2026-09-15T14:01:00.838,33.626,215,1.490,-273.1,6.8,26.934,3.50,0
2026-09-15T14:01:00.938,33.726,215,1.514,-273.1,7.0,26.934,3.53,0
2026-09-15T14:01:01.038,33.826,215,1.537,-273.1,7.0,26.934,3.45,0
2026-09-15T14:01:01.140,33.928,215,1.520,-273.1,6.5,26.934,3.36,0
2026-09-15T14:01:01.241,34.029,215,1.534,-273.1,7.0,26.934,4.02,0
2026-09-15T14:01:01.337,34.125,215,1.562,-273.1,6.8,26.934,3.63,0
2026-09-15T14:01:01.437,34.225,215,1.531,-273.1,7.0,26.934,3.46,0
2026-09-15T14:01:01.538,34.326,215,1.538,-273.1,7.3,26.934,3.73,0
2026-09-15T14:01:01.638,34.426,215,1.516,-273.1,7.2,26.934,3.49,0
2026-09-15T14:01:01.738,34.526,215,1.522,-70.4,7.1,26.934,3.04,0
2026-09-15T14:01:01.840,34.628,215,1.519,-273.1,7.0,26.934,3.23,0
2026-09-15T14:01:01.940,34.728,215,1.568,-273.1,6.9,26.934,3.31,0
2026-09-15T14:01:02.040,34.828,215,1.555,-273.1,7.3,26.934,3.79,0
2026-09-15T14:01:02.141,34.929,215,1.550,-273.1,6.6,26.934,2.93,0
2026-09-15T14:01:02.241,35.029,215,1.573,-68.1,6.8,26.934,3.08,0
2026-09-15T14:01:02.344,35.132,215,1.535,-273.1,7.1,26.934,3.38,0
2026-09-15T14:01:02.446,35.234,215,1.508,-70.4,6.8,26.934,3.61,0
2026-09-15T14:01:02.542,35.330,215,1.536,-273.1,6.7,26.934,3.48,0
2026-09-15T14:01:02.641,35.429,215,1.536,-273.1,6.9,26.934,2.90,0
2026-09-15T14:01:02.742,35.531,215,1.555,-273.1,6.6,26.934,3.04,0
2026-09-15T14:01:02.843,35.631,215,1.584,-273.1,6.8,26.934,3.23,0
2026-09-15T14:01:02.943,35.731,215,1.508,-273.1,7.0,26.934,3.52,0
2026-09-15T14:01:03.043,35.831,215,1.505,-273.1,7.3,26.934,3.05,0
2026-09-15T14:01:03.144,35.932,215,1.500,-273.1,6.9,26.934,3.74,0
2026-09-15T14:01:03.242,36.030,215,1.505,-273.1,7.0,26.934,3.48,0
2026-09-15T14:01:03.343,36.131,215,1.526,-273.1,7.1,26.934,3.65,0
2026-09-15T14:01:03.443,36.231,215,1.540,-273.1,7.0,26.934,3.00,0
2026-09-15T14:01:03.544,36.332,215,1.540,-273.1,7.0,26.934,2.92,0
2026-09-15T14:01:03.645,36.433,215,1.538,-273.1,6.9,26.934,3.30,0
2026-09-15T14:01:03.745,36.533,215,1.522,-273.1,6.8,26.934,3.51,0
2026-09-15T14:01:03.845,36.633,215,1.495,-273.1,6.9,26.934,3.49,0
2026-09-15T14:01:03.945,36.733,215,1.539,-273.1,7.1,26.934,2.90,0
2026-09-15T14:01:04.045,36.833,215,1.501,-273.1,6.9,26.934,4.53,0
2026-09-15T14:01:04.145,36.934,215,1.499,-66.1,6.8,26.934,3.19,0
2026-09-15T14:01:04.245,37.034,215,1.595,-273.1,6.9,26.934,4.78,0
2026-09-15T14:01:04.346,37.134,215,1.554,-273.1,6.8,26.934,3.83,0
2026-09-15T14:01:04.449,37.237,215,1.529,-273.1,6.8,26.934,3.56,0
2026-09-15T14:01:04.546,37.334,215,1.531,-273.1,6.8,26.934,3.78,0
2026-09-15T14:01:04.646,37.434,215,1.524,-273.1,6.8,26.934,3.28,0
2026-09-15T14:01:04.747,37.535,215,1.564,-273.1,7.0,26.934,3.41,0
2026-09-15T14:01:04.846,37.634,215,1.567,-273.1,7.0,26.934,3.93,0
2026-09-15T14:01:04.946,37.734,215,1.562,-273.1,7.1,26.934,4.06,0
2026-09-15T14:01:05.046,37.834,215,1.564,-273.1,7.0,26.934,3.96,0
2026-09-15T14:01:05.147,37.935,215,1.515,-273.1,7.0,26.934,3.98,0
2026-09-15T14:01:05.248,38.036,215,1.521,-273.1,6.6,26.934,3.38,0
2026-09-15T14:01:05.349,38.137,215,1.587,-273.1,7.1,26.934,2.97,0
2026-09-15T14:01:05.449,38.237,215,1.559,-273.1,7.1,26.934,3.62,0
2026-09-15T14:01:05.550,38.338,215,1.555,-273.1,6.9,26.934,3.58,0
2026-09-15T14:01:05.650,38.438,215,1.510,-273.1,6.8,26.934,3.95,0
2026-09-15T14:01:05.750,38.538,215,1.515,-273.1,6.8,26.934,3.94,0
2026-09-15T14:01:05.850,38.638,215,1.546,-273.1,7.1,26.934,3.31,0
2026-09-15T14:01:05.951,38.739,215,1.571,-273.1,7.1,26.934,3.08,0
2026-09-15T14:01:06.051,38.839,215,1.563,-273.1,6.9,26.934,3.77,0
2026-09-15T14:01:06.153,38.941,215,1.531,-273.1,7.0,26.934,3.17,0
2026-09-15T14:01:06.253,39.042,215,1.517,-273.1,6.8,26.934,3.38,0
2026-09-15T14:01:06.352,39.140,215,1.608,-273.1,7.0,26.934,3.41,0
2026-09-15T14:01:06.451,39.240,215,1.531,-273.1,7.1,26.934,3.77,0
2026-09-15T14:01:06.551,39.339,215,1.538,-273.1,6.9,26.934,3.86,0
2026-09-15T14:01:06.651,39.439,215,1.521,-273.1,6.9,26.934,3.40,0
2026-09-15T14:01:06.752,39.540,215,1.542,-273.1,7.1,26.934,3.18,0
2026-09-15T14:01:06.852,39.640,215,1.559,-273.1,6.9,26.934,3.62,0
2026-09-15T14:01:06.951,39.739,215,1.514,-273.1,6.8,26.934,3.03,0
2026-09-15T14:01:07.051,39.839,215,1.553,-273.1,6.8,26.934,2.74,0
2026-09-15T14:01:07.152,39.940,215,1.581,-273.1,7.1,26.934,3.47,0
2026-09-15T14:01:07.252,40.040,215,1.557,-273.1,6.8,26.934,3.40,0
2026-09-15T14:01:07.353,40.141,215,1.567,-273.1,6.2,26.934,3.67,0
2026-09-15T14:01:07.452,40.240,215,1.544,-73.4,7.0,26.934,3.60,0
2026-09-15T14:01:07.552,40.340,215,1.555,-273.1,6.9,26.934,3.97,0
2026-09-15T14:01:07.653,40.441,215,1.582,-273.1,6.8,26.934,3.92,0
2026-09-15T14:01:07.754,40.542,215,1.566,-273.1,6.9,26.934,2.99,0
2026-09-15T14:01:07.854,40.642,215,1.537,-273.1,7.0,26.934,2.33,0
2026-09-15T14:01:07.954,40.743,215,1.532,-273.1,7.1,26.934,3.74,0
2026-09-15T14:01:08.055,40.843,215,1.518,-273.1,7.0,26.934,4.34,0
2026-09-15T14:01:08.155,40.943,215,1.574,-273.1,7.0,26.934,2.99,0
2026-09-15T14:01:08.255,41.043,215,1.535,-273.1,5.3,26.934,4.02,0
2026-09-15T14:01:08.355,41.143,215,1.595,-71.8,7.2,26.934,4.57,0
2026-09-15T14:01:08.456,41.244,215,1.578,-273.1,7.3,26.934,3.53,0
2026-09-15T14:01:08.555,41.344,215,1.559,-273.1,6.9,26.934,3.38,0
2026-09-15T14:01:08.657,41.445,205,1.501,-273.1,6.9,26.934,3.70,0
2026-09-15T14:01:08.756,41.544,205,1.542,-273.1,7.0,26.934,2.82,0
2026-09-15T14:01:08.856,41.644,205,1.563,-273.1,7.0,26.934,3.71,0
2026-09-15T14:01:08.957,41.745,205,1.542,-273.1,7.0,26.934,3.83,0
2026-09-15T14:01:09.058,41.846,205,1.517,-273.1,7.0,26.934,3.41,0
2026-09-15T14:01:09.157,41.945,205,1.555,-273.1,7.3,26.934,3.62,0
2026-09-15T14:01:09.257,42.045,205,1.550,-273.1,7.0,26.934,3.10,0
2026-09-15T14:01:09.358,42.146,205,1.562,-273.1,6.9,26.934,3.18,0
2026-09-15T14:01:09.462,42.250,205,1.557,-273.1,7.0,26.934,2.32,0
2026-09-15T14:01:09.558,42.346,205,1.554,-273.1,6.9,26.934,3.46,0
2026-09-15T14:01:09.659,42.447,205,1.510,-273.1,7.2,26.934,3.78,0
2026-09-15T14:01:09.759,42.547,205,1.508,-273.1,7.0,26.934,3.33,0
2026-09-15T14:01:09.860,42.648,205,1.522,-273.1,7.1,26.934,3.05,0
2026-09-15T14:01:09.959,42.747,205,1.541,-273.1,6.8,26.934,3.46,0
2026-09-15T14:01:10.058,42.846,205,1.557,-273.1,6.9,26.934,3.71,0
2026-09-15T14:01:10.160,42.948,205,1.581,-273.1,6.9,26.934,3.60,0
2026-09-15T14:01:10.259,43.047,205,1.553,-273.1,7.1,26.934,3.70,0
2026-09-15T14:01:10.360,43.148,205,1.568,-273.1,7.0,26.934,4.39,0
2026-09-15T14:01:10.459,43.247,205,1.551,-273.1,7.1,26.934,3.71,0
2026-09-15T14:01:10.560,43.348,205,1.556,-90.0,6.9,26.934,3.97,0
2026-09-15T14:01:10.660,43.448,195,1.575,-273.1,7.0,26.934,3.39,0
2026-09-15T14:01:10.760,43.548,195,1.478,-273.1,6.8,26.934,4.05,0
2026-09-15T14:01:10.859,43.647,195,1.536,-273.1,6.1,26.934,3.11,0
2026-09-15T14:01:10.961,43.749,195,1.505,-273.1,7.9,26.934,4.03,0
2026-09-15T14:01:11.061,43.849,195,1.485,-273.1,6.9,26.934,3.27,0
2026-09-15T14:01:11.162,43.950,195,1.513,-273.1,7.1,26.934,4.99,0
2026-09-15T14:01:11.265,44.053,195,1.550,-273.1,7.0,26.934,4.17,0
2026-09-15T14:01:11.363,44.151,195,1.487,-75.2,7.2,26.934,3.33,0
2026-09-15T14:01:11.463,44.251,195,1.525,-83.9,7.1,26.934,4.23,0
2026-09-15T14:01:11.563,44.351,195,1.481,-273.1,7.0,26.934,3.96,0
2026-09-15T14:01:11.664,44.452,195,1.480,-273.1,6.9,26.934,3.89,0
2026-09-15T14:01:11.764,44.552,195,1.478,-273.1,7.0,26.934,2.66,0
2026-09-15T14:01:11.864,44.653,195,1.510,-273.1,7.0,26.934,3.38,0
2026-09-15T14:01:11.964,44.752,195,1.526,-273.1,6.9,26.934,2.52,0
2026-09-15T14:01:12.064,44.852,195,1.563,-273.1,6.9,26.934,4.24,0
2026-09-15T14:01:12.164,44.952,195,1.545,-273.1,6.2,26.934,3.64,0
2026-09-15T14:01:12.264,45.052,195,1.506,-273.1,7.2,26.934,4.75,0
2026-09-15T14:01:12.364,45.152,195,1.532,-273.1,7.1,26.934,3.72,0
2026-09-15T14:01:12.464,45.252,195,1.521,-273.1,7.1,26.934,3.25,0
2026-09-15T14:01:12.564,45.352,195,1.553,-273.1,7.1,26.934,3.61,0
2026-09-15T14:01:12.664,45.452,195,1.515,-273.1,6.9,26.934,3.59,0
2026-09-15T14:01:12.765,45.553,195,1.515,-273.1,7.1,26.934,3.67,0
2026-09-15T14:01:12.864,45.652,195,1.553,-273.1,7.0,26.934,4.08,0
2026-09-15T14:01:12.966,45.754,195,1.556,-273.1,7.3,26.934,3.47,0
2026-09-15T14:01:13.066,45.854,195,1.572,-273.1,6.9,26.934,3.30,0
2026-09-15T14:01:13.166,45.954,195,1.536,-273.1,6.9,26.934,3.69,0
2026-09-15T14:01:13.266,46.054,195,1.521,-273.1,7.1,26.934,3.27,0
2026-09-15T14:01:13.366,46.154,195,1.531,-273.1,7.0,26.934,3.74,0
2026-09-15T14:01:13.466,46.255,195,1.506,-273.1,7.1,26.934,3.13,0
2026-09-15T14:01:13.567,46.355,195,1.517,-273.1,7.0,26.934,4.19,0
2026-09-15T14:01:13.667,46.455,195,1.488,-273.1,7.0,26.934,3.84,0
2026-09-15T14:01:13.767,46.555,195,1.480,-273.1,6.9,26.934,3.28,0
2026-09-15T14:01:13.867,46.655,195,1.484,-273.1,7.0,26.934,3.45,0
2026-09-15T14:01:13.967,46.755,195,1.581,-273.1,6.8,26.934,4.36,0
2026-09-15T14:01:14.067,46.855,195,1.518,-273.1,7.1,26.934,3.73,0
2026-09-15T14:01:14.168,46.956,195,1.575,-273.1,7.1,26.934,4.14,0
2026-09-15T14:01:14.270,47.058,195,1.507,-273.1,4.1,26.934,3.69,0
2026-09-15T14:01:14.369,47.157,195,1.544,-273.1,6.9,26.934,4.83,0
2026-09-15T14:01:14.469,47.257,195,1.501,-273.1,8.9,26.934,4.22,0
2026-09-15T14:01:14.569,47.357,195,1.571,-273.1,6.9,26.934,4.00,0
2026-09-15T14:01:14.670,47.458,195,1.512,-273.1,6.9,26.934,4.51,0
2026-09-15T14:01:14.770,47.558,195,1.553,-273.1,7.1,26.934,4.18,0
2026-09-15T14:01:14.869,47.657,195,1.521,-273.1,7.0,26.934,2.81,0
2026-09-15T14:01:14.972,47.760,195,1.524,-273.1,6.9,26.934,3.81,0
2026-09-15T14:01:15.074,47.862,195,1.537,-273.1,7.2,26.934,3.25,0
2026-09-15T14:01:15.171,47.959,195,1.573,-273.1,7.1,26.934,3.74,0
2026-09-15T14:01:15.271,48.059,195,1.540,-273.1,7.2,26.934,4.05,0
2026-09-15T14:01:15.372,48.160,195,1.556,-273.1,7.1,26.934,3.27,0
2026-09-15T14:01:15.472,48.260,195,1.575,-273.1,7.2,26.934,4.25,0
2026-09-15T14:01:15.573,48.361,195,1.559,-273.1,6.9,26.934,3.97,0
2026-09-15T14:01:15.673,48.461,195,1.555,-273.1,7.1,26.934,4.63,0
2026-09-15T14:01:15.774,48.562,195,1.513,-273.1,7.2,26.934,4.27,0
2026-09-15T14:01:15.873,48.661,195,1.565,-83.9,7.1,26.934,3.64,0
2026-09-15T14:01:15.973,48.761,195,1.540,-273.1,6.9,26.934,2.59,0
2026-09-15T14:01:16.074,48.862,195,1.556,-273.1,7.0,26.934,3.28,0
2026-09-15T14:01:16.175,48.963,195,1.563,-273.1,6.8,26.934,3.16,0
2026-09-15T14:01:16.274,49.062,195,1.525,-273.1,6.9,26.934,2.76,0
2026-09-15T14:01:16.374,49.162,195,1.535,-273.1,6.8,26.934,2.72,0
2026-09-15T14:01:16.474,49.262,195,1.561,-273.1,7.0,26.934,3.64,0
2026-09-15T14:01:16.575,49.363,195,1.572,-273.1,7.0,26.934,3.43,0
2026-09-15T14:01:16.675,49.463,195,1.546,-273.1,7.3,26.934,3.63,0
2026-09-15T14:01:16.774,49.562,195,1.563,-273.1,6.9,26.934,3.68,0
2026-09-15T14:01:16.874,49.662,195,1.508,-273.1,7.0,26.934,3.64,0
2026-09-15T14:01:16.975,49.763,195,1.577,-273.1,6.9,26.934,3.55,0
2026-09-15T14:01:17.075,49.863,195,1.546,-273.1,7.1,26.934,3.70,0
2026-09-15T14:01:17.175,49.963,195,1.554,-273.1,7.3,26.934,3.79,0
2026-09-15T14:01:17.276,50.064,195,1.547,-273.1,7.1,26.934,3.92,0
2026-09-15T14:01:17.376,50.164,195,1.532,-273.1,7.0,26.934,3.56,0
2026-09-15T14:01:17.476,50.264,195,1.544,-273.1,7.0,26.934,4.22,0
2026-09-15T14:01:17.577,50.365,195,1.564,-273.1,3.6,26.934,3.70,0
2026-09-15T14:01:17.676,50.464,195,1.548,-273.1,6.8,26.934,4.14,0
2026-09-15T14:01:17.777,50.565,195,1.545,-273.1,6.9,26.934,3.15,0
2026-09-15T14:01:17.877,50.665,195,1.541,-67.0,7.0,26.934,3.24,0
2026-09-15T14:01:17.977,50.765,195,1.531,-273.1,6.9,26.934,3.81,0
2026-09-15T14:01:18.077,50.865,195,1.505,-273.1,7.1,26.934,4.02,0
2026-09-15T14:01:18.178,50.966,195,1.508,-83.9,7.0,26.934,3.89,0
2026-09-15T14:01:18.277,51.066,195,1.562,-273.1,7.1,26.934,3.17,0
2026-09-15T14:01:18.378,51.166,195,1.564,-273.1,7.1,26.934,3.34,0
2026-09-15T14:01:18.478,51.266,195,1.547,-273.1,7.2,26.934,3.78,0
2026-09-15T14:01:18.577,51.365,195,1.571,-83.9,7.1,26.934,3.33,0
2026-09-15T14:01:18.677,51.465,195,1.564,-273.1,7.2,26.934,3.77,0
2026-09-15T14:01:18.777,51.565,195,1.567,-273.1,7.2,26.934,3.40,0
2026-09-15T14:01:18.878,51.666,195,1.559,-273.1,7.0,26.934,3.49,0
2026-09-15T14:01:18.978,51.766,195,1.525,-273.1,7.0,26.934,3.96,0
2026-09-15T14:01:19.078,51.866,195,1.502,-80.2,7.1,26.934,3.71,0
2026-09-15T14:01:19.178,51.966,195,1.514,-63.6,7.0,26.934,3.86,0
2026-09-15T14:01:19.278,52.067,195,1.573,-273.1,7.0,26.934,3.51,0
2026-09-15T14:01:19.378,52.167,195,1.555,-273.1,7.2,26.934,3.59,0
2026-09-15T14:01:19.478,52.266,195,1.565,-273.1,7.1,26.934,3.41,0
2026-09-15T14:01:19.579,52.367,195,1.530,-273.1,7.1,26.934,4.01,0
2026-09-15T14:01:19.679,52.467,195,1.588,-273.1,7.0,26.934,4.01,0
2026-09-15T14:01:19.780,52.568,195,1.580,-273.1,7.1,26.934,3.75,0
2026-09-15T14:01:19.880,52.668,195,1.528,-273.1,7.3,26.934,3.61,0
2026-09-15T14:01:19.981,52.769,195,1.538,-67.0,7.1,26.934,2.79,0
2026-09-15T14:01:20.081,52.869,195,1.557,-273.1,7.0,26.934,4.11,0
2026-09-15T14:01:20.181,52.969,195,1.573,-273.1,7.3,26.934,4.01,0
2026-09-15T14:01:20.281,53.069,195,1.547,-273.1,7.1,26.934,3.83,0
2026-09-15T14:01:20.381,53.170,195,1.603,-273.1,7.0,26.934,2.78,0
2026-09-15T14:01:20.482,53.270,195,1.544,-90.0,7.1,26.934,4.58,0
2026-09-15T14:01:20.583,53.371,195,1.531,-273.1,7.3,26.934,3.99,0
2026-09-15T14:01:20.686,53.474,195,1.555,-83.9,7.0,26.934,4.42,0
2026-09-15T14:01:20.783,53.571,195,1.527,-273.1,7.0,26.934,3.28,0
2026-09-15T14:01:20.883,53.672,195,1.574,-83.9,7.0,26.934,3.33,0
2026-09-15T14:01:20.984,53.772,195,1.570,-90.0,7.1,26.934,2.62,0
2026-09-15T14:01:21.084,53.872,195,1.550,-273.1,6.5,26.934,4.71,0
2026-09-15T14:01:21.184,53.972,185,1.576,-273.1,7.0,26.934,5.76,0
2026-09-15T14:01:21.284,54.072,185,1.531,-273.1,7.1,26.934,2.74,0
2026-09-15T14:01:21.385,54.173,185,1.518,-77.4,7.2,26.934,4.86,0
2026-09-15T14:01:21.485,54.273,185,1.527,-273.1,7.0,26.934,2.93,0
2026-09-15T14:01:21.584,54.372,185,1.502,-273.1,7.2,26.934,4.48,0
2026-09-15T14:01:21.685,54.473,185,1.522,-273.1,6.9,26.934,3.99,0
2026-09-15T14:01:21.785,54.573,185,1.497,-273.1,7.1,26.934,2.91,0
2026-09-15T14:01:21.885,54.673,185,1.533,-273.1,7.2,26.934,3.12,0
2026-09-15T14:01:21.987,54.775,185,1.524,-273.1,7.1,26.934,3.58,0
2026-09-15T14:01:22.087,54.875,185,1.502,-273.1,7.0,26.934,3.08,0
2026-09-15T14:01:22.187,54.975,185,1.499,-273.1,7.0,26.934,3.00,0
2026-09-15T14:01:22.287,55.075,185,1.546,-273.1,7.0,26.934,3.58,0
2026-09-15T14:01:22.387,55.175,185,1.560,-273.1,6.9,26.934,4.33,0
2026-09-15T14:01:22.487,55.275,185,1.484,-273.1,7.1,26.934,3.40,0
2026-09-15T14:01:22.587,55.375,185,1.528,-273.1,7.1,26.934,3.82,0
2026-09-15T14:01:22.688,55.476,185,1.534,-273.1,6.9,26.934,3.86,0
2026-09-15T14:01:22.788,55.576,185,1.538,-273.1,7.1,26.934,2.68,0
2026-09-15T14:01:22.889,55.677,185,1.493,-273.1,6.8,26.934,4.28,0
2026-09-15T14:01:22.988,55.776,185,1.545,-273.1,4.8,26.934,4.13,0
2026-09-15T14:01:23.089,55.877,185,1.546,-273.1,6.7,26.934,3.05,0
2026-09-15T14:01:23.189,55.977,185,1.535,-273.1,6.9,26.934,3.52,0
2026-09-15T14:01:23.288,56.076,185,1.483,-273.1,7.0,26.934,3.75,0
2026-09-15T14:01:23.390,56.178,185,1.574,-273.1,7.1,26.934,3.71,0
2026-09-15T14:01:23.490,56.278,185,1.517,-273.1,7.0,26.934,4.34,0
2026-09-15T14:01:23.590,56.378,185,1.504,-273.1,7.3,26.934,2.40,0
2026-09-15T14:01:23.691,56.479,185,1.534,-273.1,7.0,26.934,2.64,0
2026-09-15T14:01:23.790,56.579,185,1.578,-273.1,7.2,26.934,3.94,0
2026-09-15T14:01:23.891,56.679,185,1.522,-273.1,7.0,26.934,3.90,0
2026-09-15T14:01:23.989,56.778,185,1.522,-77.4,7.2,26.934,3.47,0
2026-09-15T14:01:24.090,56.878,185,1.566,-273.1,7.3,26.934,3.83,0
2026-09-15T14:01:24.190,56.978,185,1.523,-273.1,7.0,26.934,5.20,0
2026-09-15T14:01:24.290,57.078,185,1.537,-273.1,7.3,26.934,3.78,0
2026-09-15T14:01:24.391,57.179,185,1.562,-73.4,7.3,26.934,4.51,0
2026-09-15T14:01:24.492,57.280,185,1.535,-273.1,7.2,26.934,3.86,0
2026-09-15T14:01:24.591,57.379,185,1.553,-273.1,7.1,26.934,3.90,0
2026-09-15T14:01:24.692,57.480,185,1.565,-273.1,7.0,26.934,3.64,0
2026-09-15T14:01:24.793,57.581,185,1.593,-273.1,7.3,26.934,3.23,0
2026-09-15T14:01:24.892,57.681,185,1.575,-273.1,7.0,26.934,4.07,0
2026-09-15T14:01:24.995,57.783,185,1.532,-75.2,6.9,26.934,4.10,0
2026-09-15T14:01:25.093,57.881,185,1.599,-273.1,7.0,26.934,4.38,0
2026-09-15T14:01:25.193,57.981,185,1.565,-273.1,7.2,26.934,4.24,0
2026-09-15T14:01:25.293,58.081,185,1.546,-273.1,7.3,26.934,3.03,0
2026-09-15T14:01:25.392,58.180,185,1.535,-77.4,7.2,26.934,3.43,0
2026-09-15T14:01:25.494,58.282,185,1.572,-273.1,7.1,26.934,4.55,0
2026-09-15T14:01:25.594,58.382,185,1.560,-273.1,7.2,26.934,2.83,0
2026-09-15T14:01:25.694,58.482,185,1.605,-90.0,7.2,26.934,4.38,0
2026-09-15T14:01:25.795,58.583,185,1.547,-273.1,7.1,26.934,2.91,0
2026-09-15T14:01:25.898,58.686,185,1.555,-273.1,6.9,26.934,2.65,0
2026-09-15T14:01:25.995,58.783,185,1.577,-273.1,7.3,26.934,3.50,0
2026-09-15T14:01:26.095,58.883,185,1.539,-273.1,7.1,26.934,2.74,0
2026-09-15T14:01:26.195,58.983,185,1.558,-273.1,6.9,26.934,3.41,0
2026-09-15T14:01:26.296,59.084,185,1.582,-273.1,7.0,26.934,3.56,0
2026-09-15T14:01:26.395,59.183,185,1.595,-273.1,7.1,26.934,4.37,0
2026-09-15T14:01:26.495,59.283,175,1.538,-273.1,7.2,26.934,2.95,0
2026-09-15T14:01:26.596,59.384,175,1.530,-273.1,7.4,26.934,5.39,0
2026-09-15T14:01:26.696,59.484,175,1.558,-273.1,7.2,26.934,3.71,0
2026-09-15T14:01:26.797,59.585,175,1.542,-273.1,7.0,26.934,3.77,0
2026-09-15T14:01:26.898,59.686,175,1.534,-273.1,6.9,26.934,4.04,0
2026-09-15T14:01:26.998,59.786,175,1.546,-273.1,7.2,26.934,4.08,0
2026-09-15T14:01:27.098,59.886,175,1.552,-273.1,7.1,26.934,4.28,0
2026-09-15T14:01:27.198,59.986,175,1.518,-273.1,7.2,26.934,4.18,0
2026-09-15T14:01:27.298,60.086,175,1.502,-273.1,7.0,26.934,4.01,0
2026-09-15T14:01:27.398,60.186,175,1.536,-273.1,7.1,26.934,3.73,0
2026-09-15T14:01:27.499,60.287,175,1.569,-273.1,7.2,26.934,3.09,0
2026-09-15T14:01:27.602,60.390,175,1.517,-62.9,7.3,26.934,3.45,0
2026-09-15T14:01:27.709,60.497,165,1.496,-273.1,7.3,26.934,4.77,0
2026-09-15T14:01:27.801,60.589,165,1.472,-273.1,7.4,26.934,4.49,0
2026-09-15T14:01:27.901,60.689,165,1.469,-273.1,7.4,26.934,5.13,0
2026-09-15T14:01:28.001,60.789,165,1.510,-273.1,7.3,26.934,3.59,0
2026-09-15T14:01:28.102,60.890,165,1.459,-273.1,7.3,26.934,3.54,0
2026-09-15T14:01:28.204,60.992,165,1.482,-273.1,7.6,26.934,4.29,0
2026-09-15T14:01:28.304,61.092,165,1.466,-273.1,7.3,26.934,3.20,0
2026-09-15T14:01:28.404,61.192,165,1.493,-273.1,7.5,26.934,3.26,0
2026-09-15T14:01:28.505,61.293,165,1.506,-273.1,7.6,26.934,3.68,0
2026-09-15T14:01:28.604,61.392,165,1.504,-273.1,7.6,26.934,3.65,0
2026-09-15T14:01:28.704,61.492,165,1.475,-273.1,7.4,26.934,3.39,0
2026-09-15T14:01:28.804,61.592,165,1.477,-273.1,7.2,26.934,3.57,0
2026-09-15T14:01:28.904,61.692,165,1.466,-273.1,7.3,26.934,4.08,0
2026-09-15T14:01:29.004,61.792,165,1.468,-273.1,7.5,26.934,3.77,0
2026-09-15T14:01:29.104,61.893,165,1.504,-273.1,7.3,26.934,4.93,0
2026-09-15T14:01:29.204,61.992,165,1.510,-273.1,7.3,26.934,3.15,0
2026-09-15T14:01:29.304,62.092,165,1.457,-273.1,7.1,26.934,3.37,0
2026-09-15T14:01:29.404,62.192,165,1.506,-273.1,7.3,26.934,3.30,0
2026-09-15T14:01:29.504,62.292,165,1.489,-273.1,7.3,26.934,3.65,0
2026-09-15T14:01:29.605,62.393,165,1.475,-77.4,7.3,26.934,4.25,0
2026-09-15T14:01:29.705,62.493,165,1.493,-273.1,7.5,26.934,3.89,0
2026-09-15T14:01:29.806,62.595,165,1.510,-273.1,7.5,26.934,3.34,0
2026-09-15T14:01:29.907,62.695,165,1.454,-273.1,7.5,26.934,3.36,0
2026-09-15T14:01:30.007,62.796,165,1.531,-273.1,7.4,26.934,3.93,0
2026-09-15T14:01:30.106,62.894,165,1.486,-273.1,7.3,26.934,4.70,0
2026-09-15T14:01:30.207,62.995,165,1.492,-273.1,7.1,26.934,4.40,0
2026-09-15T14:01:30.307,63.095,165,1.454,-273.1,7.5,26.934,3.13,0
2026-09-15T14:01:30.411,63.199,165,1.462,-273.1,7.1,26.934,3.73,0
2026-09-15T14:01:30.508,63.296,165,1.455,-273.1,7.4,26.934,3.55,0
2026-09-15T14:01:30.608,63.396,165,1.495,-273.1,7.5,26.934,3.21,0
2026-09-15T14:01:30.709,63.497,165,1.533,-71.8,6.6,26.934,3.96,0
2026-09-15T14:01:30.809,63.597,165,1.489,-80.2,7.3,26.934,3.14,0
2026-09-15T14:01:30.909,63.697,165,1.452,-273.1,7.5,26.934,4.73,0
2026-09-15T14:01:31.010,63.798,165,1.501,-273.1,7.6,26.934,3.78,0
2026-09-15T14:01:31.110,63.898,165,1.463,-71.8,7.8,26.934,4.06,0
2026-09-15T14:01:31.210,63.998,165,1.476,-273.1,7.8,26.934,4.31,0
2026-09-15T14:01:31.311,64.099,165,1.490,-90.0,7.7,26.934,2.91,0
2026-09-15T14:01:31.411,64.199,165,1.457,-273.1,7.7,26.934,5.68,0
2026-09-15T14:01:31.511,64.299,165,1.456,-273.1,7.9,26.934,2.85,0
2026-09-15T14:01:31.612,64.400,165,1.521,-273.1,7.5,26.934,3.62,0
2026-09-15T14:01:31.712,64.500,165,1.477,-273.1,7.4,26.934,4.40,0
2026-09-15T14:01:31.812,64.600,165,1.528,-273.1,7.5,26.934,4.47,0
2026-09-15T14:01:31.913,64.701,165,1.537,-83.9,7.7,26.934,4.10,0
2026-09-15T14:01:32.013,64.801,165,1.444,-273.1,7.7,26.934,3.48,0
2026-09-15T14:01:32.114,64.902,165,1.463,-273.1,7.5,26.934,3.89,0
2026-09-15T14:01:32.215,65.003,165,1.461,-273.1,7.6,26.934,3.79,0
2026-09-15T14:01:32.315,65.103,165,1.464,-273.1,7.7,26.934,4.04,0
2026-09-15T14:01:32.414,65.202,165,1.516,-273.1,8.0,26.934,4.53,0
2026-09-15T14:01:32.514,65.302,165,1.499,-77.4,7.8,26.934,3.21,0
2026-09-15T14:01:32.614,65.402,165,1.545,-273.1,7.7,26.934,4.10,0
2026-09-15T14:01:32.715,65.503,165,1.516,-83.9,7.8,26.934,3.59,0
2026-09-15T14:01:32.815,65.603,165,1.475,-273.1,7.9,26.934,3.41,0
2026-09-15T14:01:32.916,65.704,165,1.461,-273.1,7.9,26.934,3.48,0
2026-09-15T14:01:33.016,65.804,165,1.495,-273.1,7.7,26.934,3.67,0
2026-09-15T14:01:33.116,65.904,165,1.525,-273.1,7.7,26.934,3.38,0
2026-09-15T14:01:33.216,66.004,165,1.504,-273.1,7.8,26.934,3.65,0
2026-09-15T14:01:33.317,66.105,165,1.498,-273.1,7.6,26.934,4.68,0
2026-09-15T14:01:33.417,66.205,165,1.498,-273.1,7.8,26.934,4.94,0
2026-09-15T14:01:33.517,66.305,165,1.489,-273.1,7.7,26.934,5.08,0
2026-09-15T14:01:33.618,66.406,165,1.496,-273.1,7.8,26.934,3.73,0
2026-09-15T14:01:33.717,66.505,165,1.507,-273.1,7.7,26.934,3.58,0
2026-09-15T14:01:33.817,66.605,165,1.513,-273.1,7.8,26.934,4.18,0
2026-09-15T14:01:33.918,66.706,165,1.451,-273.1,7.6,26.934,4.21,0
2026-09-15T14:01:34.018,66.806,165,1.505,-273.1,7.6,26.934,4.27,0
2026-09-15T14:01:34.118,66.906,165,1.455,-273.1,8.1,26.934,3.33,0
2026-09-15T14:01:34.218,67.006,165,1.490,-273.1,7.7,26.934,3.67,0
2026-09-15T14:01:34.318,67.107,165,1.453,-273.1,7.6,26.934,4.35,0
2026-09-15T14:01:34.418,67.207,165,1.503,-273.1,7.8,26.934,3.51,0
2026-09-15T14:01:34.518,67.307,165,1.496,-273.1,7.7,26.934,3.59,0
2026-09-15T14:01:34.619,67.407,165,1.468,-273.1,7.6,26.934,3.34,0
2026-09-15T14:01:34.719,67.507,165,1.524,-90.0,7.7,26.934,3.88,0
2026-09-15T14:01:34.820,67.608,165,1.486,-273.1,7.7,26.934,4.45,0
2026-09-15T14:01:34.920,67.708,165,1.472,-273.1,7.7,26.934,3.71,0
2026-09-15T14:01:35.020,67.808,165,1.487,-273.1,7.8,26.934,3.84,0
2026-09-15T14:01:35.120,67.908,165,1.467,-273.1,7.6,26.934,3.83,0
2026-09-15T14:01:35.220,68.008,165,1.479,-273.1,7.7,26.934,4.35,0
2026-09-15T14:01:35.320,68.108,165,1.530,-273.1,7.7,26.934,3.85,0
2026-09-15T14:01:35.420,68.208,165,1.509,-90.0,7.7,26.934,4.27,0
2026-09-15T14:01:35.522,68.310,165,1.504,-273.1,7.7,26.934,3.90,0
2026-09-15T14:01:35.620,68.408,165,1.497,-273.1,7.8,26.934,3.66,0
2026-09-15T14:01:35.721,68.509,165,1.524,-273.1,7.5,26.934,4.42,0
2026-09-15T14:01:35.821,68.609,165,1.508,-73.4,7.6,26.934,4.26,0
2026-09-15T14:01:35.922,68.710,165,1.541,-273.1,7.5,26.934,4.33,0
2026-09-15T14:01:36.021,68.809,165,1.520,-273.1,7.7,26.934,3.23,0
2026-09-15T14:01:36.120,68.908,165,1.497,-273.1,7.8,26.934,3.32,0
2026-09-15T14:01:36.222,69.010,165,1.507,-273.1,7.8,26.934,4.17,0
2026-09-15T14:01:36.322,69.111,165,1.492,-273.1,7.7,26.934,4.05,0
2026-09-15T14:01:36.424,69.212,165,1.505,-273.1,7.9,26.934,4.09,0
2026-09-15T14:01:36.526,69.314,165,1.477,-273.1,7.6,26.934,4.13,0
2026-09-15T14:01:36.624,69.412,165,1.518,-273.1,7.9,26.934,3.89,0
2026-09-15T14:01:36.723,69.511,165,1.478,-273.1,7.7,26.934,3.66,0
2026-09-15T14:01:36.824,69.612,165,1.493,-273.1,8.0,26.934,4.94,0
2026-09-15T14:01:36.925,69.713,165,1.491,-273.1,7.9,26.934,4.00,0
2026-09-15T14:01:37.024,69.812,165,1.497,-273.1,7.7,26.934,2.05,0
2026-09-15T14:01:37.124,69.912,165,1.538,-273.1,7.6,26.934,3.01,0
2026-09-15T14:01:37.224,70.012,165,1.493,-273.1,7.7,26.934,4.23,0
2026-09-15T14:01:37.324,70.112,165,1.522,-273.1,7.7,26.934,3.25,0
2026-09-15T14:01:37.426,70.214,165,1.455,-273.1,7.8,26.934,3.42,0
2026-09-15T14:01:37.525,70.313,165,1.508,-273.1,7.8,26.934,3.87,0
2026-09-15T14:01:37.625,70.413,165,1.496,-273.1,7.8,26.934,3.63,0
2026-09-15T14:01:37.725,70.513,165,1.521,-273.1,7.6,26.934,4.32,0
2026-09-15T14:01:37.825,70.613,165,1.494,-273.1,7.6,26.934,4.02,0
2026-09-15T14:01:37.927,70.715,165,1.500,-273.1,7.9,26.934,3.63,0
2026-09-15T14:01:38.028,70.816,165,1.499,-90.0,7.8,26.934,1.57,0
2026-09-15T14:01:38.128,70.916,165,1.512,-273.1,11.5,26.934,5.44,0
2026-09-15T14:01:38.228,71.016,165,1.520,-273.1,7.9,26.934,3.11,0
2026-09-15T14:01:38.331,71.119,165,1.492,-90.0,7.9,26.934,5.39,0
2026-09-15T14:01:38.432,71.220,165,1.495,-273.1,7.8,26.934,3.78,0
2026-09-15T14:01:38.529,71.317,165,1.495,-273.1,8.1,26.934,3.21,0
2026-09-15T14:01:38.629,71.417,165,1.524,-273.1,7.7,26.934,4.08,0
2026-09-15T14:01:38.729,71.517,165,1.492,-273.1,7.9,26.934,3.07,0
2026-09-15T14:01:38.829,71.617,165,1.526,-273.1,7.8,26.934,4.20,0
2026-09-15T14:01:38.929,71.717,165,1.506,-67.0,7.7,26.934,4.12,0
2026-09-15T14:01:39.029,71.818,165,1.510,-273.1,7.8,26.934,3.72,0
2026-09-15T14:01:39.130,71.918,165,1.449,-273.1,8.1,26.934,4.10,0
2026-09-15T14:01:39.230,72.018,165,1.491,-83.9,8.0,26.934,1.98,0
2026-09-15T14:01:39.330,72.118,165,1.513,-273.1,7.9,26.934,4.32,0
2026-09-15T14:01:39.430,72.218,165,1.516,-273.1,8.2,26.934,4.51,0
2026-09-15T14:01:39.533,72.321,165,1.521,-273.1,8.1,26.934,4.09,0
2026-09-15T14:01:39.631,72.419,165,1.541,-273.1,7.6,26.934,4.08,0
2026-09-15T14:01:39.735,72.523,165,1.508,-273.1,7.6,26.934,3.57,0
2026-09-15T14:01:39.832,72.620,165,1.454,-273.1,7.6,26.934,3.13,0
2026-09-15T14:01:39.931,72.719,165,1.503,-273.1,7.6,26.934,4.34,0
2026-09-15T14:01:40.030,72.819,165,1.489,-75.2,7.7,26.934,3.76,0
2026-09-15T14:01:40.131,72.919,165,1.516,-273.1,7.7,26.934,3.72,0
2026-09-15T14:01:40.231,73.019,165,1.452,-273.1,8.1,26.934,3.23,0
2026-09-15T14:01:40.331,73.119,165,1.486,-273.1,6.9,26.934,3.74,0
2026-09-15T14:01:40.431,73.219,165,1.537,-66.1,7.7,26.934,3.68,0
2026-09-15T14:01:40.531,73.319,165,1.474,-273.1,7.6,26.934,3.14,0
2026-09-15T14:01:40.631,73.419,165,1.481,-273.1,7.7,26.934,3.66,0
2026-09-15T14:01:40.731,73.519,165,1.480,-273.1,7.7,26.934,4.20,0
2026-09-15T14:01:40.833,73.621,165,1.479,-273.1,7.6,26.934,3.83,0
2026-09-15T14:01:40.935,73.723,165,1.481,-273.1,7.6,26.934,4.20,0
2026-09-15T14:01:41.032,73.820,165,1.449,-71.8,7.8,26.934,4.33,0
2026-09-15T14:01:41.132,73.920,165,1.505,-273.1,7.7,26.934,3.29,0
2026-09-15T14:01:41.233,74.021,165,1.471,-273.1,7.8,26.934,4.00,0
2026-09-15T14:01:41.333,74.121,165,1.513,-273.1,7.7,26.934,2.74,0
2026-09-15T14:01:41.434,74.222,165,1.468,-273.1,7.6,26.934,3.68,0
2026-09-15T14:01:41.534,74.322,165,1.513,-273.1,7.4,26.934,3.54,0
2026-09-15T14:01:41.634,74.422,165,1.471,-273.1,7.6,26.934,4.23,0
2026-09-15T14:01:41.734,74.522,165,1.485,-273.1,8.0,26.934,3.45,0
2026-09-15T14:01:41.834,74.622,165,1.498,-273.1,7.5,26.934,3.44,0
2026-09-15T14:01:41.936,74.724,165,1.515,-273.1,8.0,26.934,3.25,0
2026-09-15T14:01:42.034,74.822,165,1.495,-273.1,7.9,26.934,3.21,0
2026-09-15T14:01:42.134,74.922,165,1.520,-273.1,7.8,26.934,4.46,0
2026-09-15T14:01:42.235,75.023,165,1.533,-90.0,8.1,26.934,3.65,0
2026-09-15T14:01:42.335,75.123,165,1.507,-273.1,7.6,26.934,3.42,0
2026-09-15T14:01:42.435,75.223,165,1.535,-273.1,7.8,26.934,5.53,0
2026-09-15T14:01:42.535,75.323,165,1.504,-273.1,7.6,26.934,3.02,0
2026-09-15T14:01:42.636,75.424,165,1.501,-273.1,7.8,26.934,4.45,0
2026-09-15T14:01:42.736,75.524,165,1.545,-273.1,7.9,26.934,3.49,0
2026-09-15T14:01:42.837,75.625,165,1.508,-90.0,7.6,26.934,2.20,0
2026-09-15T14:01:42.938,75.726,165,1.508,-273.1,7.6,26.934,5.22,0
2026-09-15T14:01:43.036,75.824,165,1.501,-80.2,7.6,26.934,5.00,0
2026-09-15T14:01:43.136,75.924,165,1.520,-273.1,7.5,26.934,4.96,0
2026-09-15T14:01:43.236,76.024,164,1.475,-273.1,7.9,26.934,4.12,0
2026-09-15T14:01:43.337,76.125,164,1.513,-273.1,7.7,26.934,4.27,0
2026-09-15T14:01:43.437,76.225,164,1.521,-273.1,5.8,26.934,3.86,0
2026-09-15T14:01:43.537,76.325,164,1.505,-273.1,7.5,26.934,5.40,0
2026-09-15T14:01:43.636,76.424,164,1.514,-90.0,7.5,26.934,3.45,0
2026-09-15T14:01:43.737,76.525,164,1.526,-273.1,7.7,26.934,3.47,0
2026-09-15T14:01:43.837,76.625,164,1.493,-273.1,7.6,26.934,2.39,0
2026-09-15T14:01:43.937,76.725,164,1.534,-273.1,7.5,26.934,3.82,0
2026-09-15T14:01:44.040,76.828,164,1.494,-273.1,7.6,26.934,4.22,0
2026-09-15T14:01:44.138,76.927,164,1.460,-273.1,7.4,26.934,4.21,0
2026-09-15T14:01:44.238,77.026,164,1.527,-273.1,7.6,26.934,3.50,0
2026-09-15T14:01:44.339,77.127,164,1.512,-273.1,7.5,26.934,3.77,0
2026-09-15T14:01:44.439,77.227,164,1.487,-71.8,7.8,26.934,3.89,0
2026-09-15T14:01:44.539,77.327,164,1.469,-90.0,7.9,26.934,3.29,0
2026-09-15T14:01:44.639,77.427,164,1.461,-273.1,7.6,26.934,3.51,0
2026-09-15T14:01:44.740,77.528,163,1.508,-273.1,7.5,26.934,4.45,0
2026-09-15T14:01:44.839,77.628,163,1.446,-273.1,7.7,26.934,3.48,0
2026-09-15T14:01:44.940,77.728,163,1.508,-273.1,7.7,26.934,3.54,0
2026-09-15T14:01:45.040,77.829,163,1.477,-273.1,7.6,26.934,3.81,0
2026-09-15T14:01:45.139,77.927,163,1.504,-273.1,7.5,26.934,3.78,0
2026-09-15T14:01:45.240,78.028,163,1.461,-273.1,6.5,26.934,2.89,0
2026-09-15T14:01:45.340,78.128,163,1.487,-77.4,7.7,26.934,3.17,0
2026-09-15T14:01:45.440,78.228,163,1.509,-273.1,7.8,26.934,4.56,0
2026-09-15T14:01:45.540,78.328,163,1.493,-273.1,7.5,26.934,4.17,0
2026-09-15T14:01:45.640,78.428,163,1.465,-273.1,7.6,26.934,4.53,0
2026-09-15T14:01:45.741,78.529,163,1.502,-273.1,7.4,26.934,3.88,0
2026-09-15T14:01:45.841,78.629,163,1.499,-273.1,7.4,26.934,3.50,0
2026-09-15T14:01:45.942,78.730,163,1.476,-83.9,7.6,26.934,4.12,0
2026-09-15T14:01:46.042,78.830,163,1.443,-273.1,7.7,26.934,4.31,0
2026-09-15T14:01:46.142,78.930,163,1.448,-273.1,7.8,26.934,3.65,0
2026-09-15T14:01:46.243,79.031,162,1.520,-273.1,7.5,26.934,4.27,0
2026-09-15T14:01:46.346,79.134,162,1.535,-273.1,7.6,26.934,2.56,0
2026-09-15T14:01:46.443,79.231,162,1.500,-273.1,7.4,26.934,4.44,0
2026-09-15T14:01:46.543,79.331,162,1.461,-90.0,7.7,26.934,4.16,0
2026-09-15T14:01:46.644,79.432,162,1.492,-273.1,7.6,26.934,3.08,0
2026-09-15T14:01:46.744,79.532,162,1.466,-273.1,7.8,26.934,4.52,0
2026-09-15T14:01:46.845,79.633,162,1.511,-273.1,7.9,26.934,4.11,0
2026-09-15T14:01:46.945,79.733,162,1.527,-273.1,7.5,26.934,3.91,0
2026-09-15T14:01:47.046,79.834,162,1.506,-273.1,7.8,26.934,3.32,0
2026-09-15T14:01:47.149,79.937,162,1.450,-273.1,7.8,26.934,3.30,0
2026-09-15T14:01:47.250,80.038,162,1.454,-273.1,7.7,26.934,4.41,0
2026-09-15T14:01:47.345,80.133,162,1.452,-273.1,7.9,26.934,4.08,0
2026-09-15T14:01:47.446,80.234,162,1.486,-273.1,7.9,26.934,3.45,0
2026-09-15T14:01:47.546,80.334,162,1.503,-273.1,7.6,26.934,3.99,0
2026-09-15T14:01:47.646,80.434,162,1.457,-273.1,7.8,26.934,4.79,0
2026-09-15T14:01:47.746,80.534,162,1.491,-273.1,7.7,26.934,2.79,0
2026-09-15T14:01:47.846,80.634,162,1.479,-273.1,7.8,26.934,2.43,0
2026-09-15T14:01:47.949,80.738,162,1.451,-273.1,7.7,26.934,3.82,0
2026-09-15T14:01:48.047,80.835,162,1.513,-273.1,7.5,26.934,5.95,0
2026-09-15T14:01:48.147,80.935,162,1.480,-273.1,7.5,26.934,2.74,0
2026-09-15T14:01:48.246,81.034,162,1.508,-90.0,7.6,26.934,2.93,0
2026-09-15T14:01:48.347,81.135,162,1.530,-273.1,7.6,26.934,3.70,0
2026-09-15T14:01:48.448,81.236,162,1.449,-90.0,7.8,26.934,2.73,0
2026-09-15T14:01:48.548,81.336,162,1.456,-273.1,7.7,26.934,1.89,0
2026-09-15T14:01:48.649,81.437,162,1.544,-273.1,7.7,26.934,4.97,0
2026-09-15T14:01:48.751,81.539,162,1.449,-273.1,7.9,26.934,2.96,0
2026-09-15T14:01:48.850,81.638,162,1.537,-273.1,7.6,26.934,2.21,0
2026-09-15T14:01:48.948,81.736,162,1.543,-273.1,7.4,26.934,3.62,0
2026-09-15T14:01:49.048,81.836,162,1.491,-273.1,7.6,26.934,3.28,0
2026-09-15T14:01:49.149,81.937,162,1.501,-273.1,7.6,26.934,2.93,0
2026-09-15T14:01:49.249,82.037,162,1.448,-273.1,7.7,26.934,3.99,0
2026-09-15T14:01:49.349,82.137,162,1.502,-273.1,7.6,26.934,3.35,0
2026-09-15T14:01:49.450,82.238,162,1.476,-80.2,7.7,26.934,3.94,0
2026-09-15T14:01:49.550,82.339,162,1.507,-273.1,7.7,26.934,4.34,0
2026-09-15T14:01:49.651,82.439,162,1.477,-273.1,7.6,26.934,3.03,0
2026-09-15T14:01:49.753,82.541,162,1.460,-273.1,7.8,26.934,3.51,0
2026-09-15T14:01:49.853,82.641,162,1.480,-273.1,7.7,26.934,3.33,0
2026-09-15T14:01:49.950,82.738,162,1.451,-273.1,7.5,26.934,3.64,0
2026-09-15T14:01:50.051,82.839,162,1.484,-273.1,7.6,26.934,3.32,0
2026-09-15T14:01:50.151,82.939,162,1.445,-90.0,7.6,26.934,3.60,0
2026-09-15T14:01:50.251,83.039,162,1.441,-90.0,8.0,26.934,4.53,0
2026-09-15T14:01:50.351,83.139,162,1.494,-273.1,7.7,26.934,4.20,0
2026-09-15T14:01:50.452,83.240,162,1.462,-273.1,7.7,26.934,3.85,0
2026-09-15T14:01:50.552,83.340,162,1.502,-273.1,7.6,26.934,2.78,0
2026-09-15T14:01:50.654,83.442,162,1.498,-273.1,7.2,26.934,3.77,0
2026-09-15T14:01:50.754,83.542,162,1.451,-273.1,7.6,26.934,4.21,0
2026-09-15T14:01:50.851,83.639,162,1.503,-273.1,6.5,26.934,4.26,0
2026-09-15T14:01:50.951,83.739,162,1.507,-273.1,7.6,26.934,4.31,0
2026-09-15T14:01:51.052,83.840,162,1.511,-273.1,7.9,26.934,4.41,0
2026-09-15T14:01:51.152,83.940,162,1.475,-273.1,7.4,26.934,3.91,0
2026-09-15T14:01:51.252,84.040,162,1.468,-77.4,7.4,26.934,4.11,0
2026-09-15T14:01:51.352,84.140,162,1.521,-273.1,7.5,26.934,3.59,0
2026-09-15T14:01:51.453,84.241,162,1.466,-273.1,7.4,26.934,3.67,0
2026-09-15T14:01:51.553,84.341,162,1.452,-273.1,7.5,26.934,3.85,0
2026-09-15T14:01:51.653,84.441,162,1.479,-273.1,7.2,26.934,4.38,0
2026-09-15T14:01:51.753,84.541,162,1.471,-273.1,7.4,26.934,3.71,0
2026-09-15T14:01:51.853,84.641,162,1.519,-64.4,7.5,26.934,3.00,0
2026-09-15T14:01:51.953,84.741,162,1.483,-273.1,7.4,26.934,3.92,0
2026-09-15T14:01:52.053,84.841,162,1.508,-273.1,7.5,26.934,3.22,0
2026-09-15T14:01:52.153,84.941,162,1.495,-273.1,7.5,26.934,2.79,0
2026-09-15T14:01:52.254,85.042,162,1.474,-273.1,7.3,26.934,3.64,0
2026-09-15T14:01:52.354,85.142,162,1.474,-273.1,7.1,26.934,2.33,0
2026-09-15T14:01:52.453,85.241,162,1.470,-273.1,7.5,26.934,3.66,0
2026-09-15T14:01:52.553,85.341,162,1.473,-273.1,7.2,26.934,4.21,0
2026-09-15T14:01:52.654,85.442,162,1.477,-273.1,7.3,26.934,3.46,0
2026-09-15T14:01:52.753,85.542,0,0.000,-273.1,7.3,26.934,5.66,0
2026-09-15T14:01:52.856,85.644,0,0.000,-273.1,7.5,26.934,2.32,0
2026-09-15T14:01:52.954,85.742,0,0.000,-273.1,7.4,26.934,0.69,0
2026-09-15T14:01:53.054,85.842,0,0.000,-273.1,7.7,26.934,0.50,0
2026-09-15T14:01:53.154,85.942,0,0.000,-273.1,7.6,26.934,-0.01,0
2026-09-15T14:01:53.256,86.044,0,0.000,-273.1,7.6,26.934,-0.25,0
2026-09-15T14:01:53.354,86.142,0,0.000,-273.1,7.4,26.934,-0.34,0
2026-09-15T14:01:53.455,86.243,0,0.000,-273.1,7.8,26.934,-0.06,0
2026-09-15T14:01:53.555,86.343,0,0.000,-273.1,7.5,26.934,-0.06,0
2026-09-15T14:01:53.656,86.444,0,0.000,-90.0,7.5,26.934,-0.06,0
